目标/章节,标准条款,工件/证据,验证报告,责任人,2025年更新要求,状态,优先级,完成日期,备注
4. 质量模型,ISO/IEC 25010 4.1,质量度量数据集,模型覆盖率报告,质量负责人,AI辅助质量检查,进行中,高,2025-03-31,需要集成AI工具
3. 证明标准,IEEE 1012 6.1,证明脚本/日志,V&V结果报告,形式化负责人,可解释性证明,计划中,高,2025-04-15,需要增强可解释性
10. 治理RACI,IEEE 12207 6.2,角色定义/流程,治理有效性报告,架构负责人,智能化项目管理,计划中,中,2025-05-30,需要升级管理工具
11. 风险管理,ISO/IEC 27001 6.1,风险登记簿,风险评估报告,质量/合规负责人,AI风险预测,计划中,中,2025-06-15,需要AI预测能力
12. 指标度量,ACM SWEBOK 8.1,KPI/OKR数据,度量分析报告,研发负责人,自动化监控,计划中,中,2025-07-31,需要自动化系统
2. 理论体系架构,ISO/IEC 25010 4.2,架构文档,架构验证报告,架构负责人,AI架构分析,已完成,高,2025-01-10,基础架构完成
5. 国际标准对齐,IEEE 1012 6.3,标准对齐矩阵,对齐验证报告,质量/合规负责人,动态标准跟踪,进行中,高,2025-02-28,需要持续更新
6. 实施计划,IEEE 12207 6.4,项目计划,进度报告,项目经理,智能进度管理,进行中,中,2025-03-15,需要智能工具
7. 验证与验收,IEEE 1012 6.5,验收标准,验收报告,质量负责人,自动化验收,计划中,高,2025-04-30,需要自动化流程
8. 持续改进,ISO/IEC 27001 6.6,改进计划,改进报告,质量负责人,AI辅助改进,计划中,中,2025-08-31,需要AI分析
1. 项目概述,ACM SWEBOK 1.1,项目文档,项目验证报告,项目经理,智能项目管理,已完成,高,2025-01-10,基础文档完成
13. 变更控制,IEEE 12207 6.7,变更记录,变更报告,研发负责人,智能变更管理,计划中,中,2025-06-30,需要智能工具
14. 可追踪矩阵,ISO/IEC 25010 4.3,追踪数据,追踪报告,质量负责人,自动化追踪,进行中,高,2025-02-15,需要自动化系统
15. 合规证据,ISO/IEC 27001 6.8,证据文档,合规报告,质量/合规负责人,智能合规检查,计划中,中,2025-07-15,需要智能检查
16. 术语与参考,ACM SWEBOK 1.2,术语表,术语验证报告,技术文档负责人,智能术语管理,计划中,低,2025-09-30,需要智能管理
形式化验证工具,IEEE 1012 6.9,工具配置,工具验证报告,形式化负责人,AI增强工具,计划中,高,2025-05-15,需要AI增强
质量检查机制,ISO/IEC 25010 4.4,检查记录,检查报告,质量负责人,AI辅助检查,计划中,高,2025-04-01,需要AI辅助
标准对齐验证,IEEE 1012 6.10,对齐证据,对齐报告,质量/合规负责人,动态对齐,进行中,高,2025-03-01,需要动态更新
验收检查表,IEEE 1012 6.11,检查清单,验收报告,质量负责人,自动化检查,计划中,高,2025-04-20,需要自动化
治理框架,IEEE 12207 6.12,治理文档,治理报告,架构负责人,智能治理,计划中,中,2025-06-01,需要智能支持
风险缓解措施,ISO/IEC 27001 6.13,缓解计划,缓解报告,质量/合规负责人,AI风险缓解,计划中,中,2025-07-01,需要AI支持
指标监控系统,ACM SWEBOK 8.2,监控数据,监控报告,研发负责人,智能监控,计划中,中,2025-08-01,需要智能系统
配置管理,IEEE 12207 6.14,配置记录,配置报告,研发负责人,智能配置管理,计划中,中,2025-08-15,需要智能管理
存储库结构,ISO/IEC 27001 6.15,存储结构,存储报告,运维负责人,智能存储,计划中,低,2025-09-15,需要智能存储
AI增强功能,IEEE 1012 6.16,AI工具配置,AI验证报告,AI专家,AI增强验证,计划中,高,2025-05-31,新增AI功能
云原生架构,ISO/IEC 25010 4.5,云原生设计文档,云原生验证报告,云原生专家,云原生支持,计划中,高,2025-06-30,新增云原生
边缘计算,ISO/IEC 25010 4.6,边缘计算设计,边缘验证报告,边缘专家,边缘计算支持,计划中,中,2025-07-31,新增边缘计算
量子就绪,IEEE 1012 6.17,量子设计文档,量子验证报告,量子专家,量子就绪架构,计划中,中,2025-08-31,新增量子支持
认知生态,ACM SWEBOK 1.3,认知生态设计,认知验证报告,认知专家,认知生态系统,计划中,中,2025-09-30,新增认知生态
多智能体协同,IEEE 12207 6.18,多智能体设计,协同验证报告,系统专家,多智能体系统,计划中,中,2025-10-31,新增多智能体
动态知识生成,ISO/IEC 27001 6.19,知识生成机制,知识验证报告,知识专家,动态知识管理,计划中,中,2025-11-30,新增知识管理
认知机器化,ACM SWEBOK 1.4,机器化设计,机器化验证报告,AI专家,认知机器化,计划中,低,2025-12-31,新增机器化
智能化质量保证,ISO/IEC 25010 4.7,智能QA系统,智能QA报告,质量专家,智能质量保证,计划中,高,2025-06-15,新增智能QA
自动化质量监控,IEEE 1012 6.20,监控系统配置,监控验证报告,运维专家,自动化监控,计划中,高,2025-07-15,新增自动监控
智能质量报告,ISO/IEC 25010 4.8,报告生成系统,报告验证报告,质量专家,智能报告生成,计划中,中,2025-08-15,新增智能报告
预测性质量分析,IEEE 1012 6.21,预测分析系统,预测验证报告,数据专家,预测性分析,计划中,中,2025-09-15,新增预测分析
标准动态跟踪,ISO/IEC 27001 6.22,标准跟踪系统,跟踪验证报告,标准专家,动态标准跟踪,计划中,高,2025-05-15,新增标准跟踪
自动标准更新,IEEE 12207 6.23,自动更新系统,更新验证报告,标准专家,自动标准更新,计划中,中,2025-06-15,新增自动更新
智能项目管理,ACM SWEBOK 8.3,项目管理系统,管理验证报告,项目经理,智能项目管理,计划中,中,2025-07-15,新增智能管理
AI辅助决策,IEEE 1012 6.24,决策支持系统,决策验证报告,AI专家,AI辅助决策,计划中,中,2025-08-15,新增决策支持
智能化协作,IEEE 12207 6.25,协作平台,协作验证报告,协作专家,智能协作,计划中,低,2025-09-15,新增智能协作
知识管理体系,ISO/IEC 27001 6.26,知识管理系统,知识验证报告,知识专家,知识管理体系,计划中,中,2025-10-15,新增知识管理
智能存储系统,ISO/IEC 25010 4.9,存储系统设计,存储验证报告,存储专家,智能存储,计划中,低,2025-11-15,新增智能存储
自动化部署,IEEE 12207 6.27,部署系统,部署验证报告,运维专家,自动化部署,计划中,中,2025-12-15,新增自动部署
